{
  "n_estimators": 443,
  "max_depth": 3,
  "lr": 0.003816284443110689,
  "subsample": 0.5662041438227423,
  "colsample_bytree": 0.9639606708129038,
  "gamma": 3.084944808409549,
  "reg_alpha": 0.13799501650152735,
  "reg_lambda": 7.057492935975179e-06
}