{
  "tabnet": {
    "rmse": 0.3415936001808816,
    "mae": 0.2575732469558716,
    "r2": 0.9941256046295166
  },
  "xgboost": {
    "rmse": 0.32890124690946554,
    "mae": 0.20360200107097626,
    "r2": 0.9945539832115173
  },
  "ensemble": {
    "rmse": 0.23123989566430356,
    "mae": 0.16662059724330902,
    "r2": 0.9973080158233643
  },
  "ensemble_weight_tabnet": 0.48
}