{
  "TabNet": {
    "rmse": 9.888575097111307,
    "mae": 7.611280822753907,
    "r2": -10.997943532466888
  },
  "XGBoost": {
    "rmse": 3.4965043613644844,
    "mae": 2.645436096191406,
    "r2": 0.3666540503501892
  },
  "LightGBM": {
    "rmse": 3.471669285966203,
    "mae": 2.6186466063998504,
    "r2": 0.3756841962873126
  },
  "CatBoost": {
    "rmse": 3.4451955727743715,
    "mae": 2.6053043362773294,
    "r2": 0.3852108100056305
  },
  "Ridge": {
    "rmse": 3.4863182586751074,
    "mae": 2.645185931323785,
    "r2": 0.37050678420787897
  }
}