{
  "TabNet": {
    "rmse": 3.473289200314934,
    "mae": 2.630299711227417,
    "r2": 0.3751619577407837
  },
  "XGBoost": {
    "rmse": 3.4965043613644844,
    "mae": 2.645436096191406,
    "r2": 0.3666540503501892
  },
  "LightGBM": {
    "rmse": 3.471669285966203,
    "mae": 2.6186466063998504,
    "r2": 0.3756841962873126
  },
  "CatBoost": {
    "rmse": 3.4451955727743715,
    "mae": 2.6053043362773294,
    "r2": 0.3852108100056305
  },
  "Ridge": {
    "rmse": 3.4863182586751074,
    "mae": 2.645185931323785,
    "r2": 0.37050678420787897
  }
}