{
    "TabNet": {
        "rmse_mean": 3.5831807188917675,
        "rmse_std": 0.30412973992508036,
        "mae_mean": 2.6565602174498792,
        "mae_std": 0.24671520670723532,
        "r2_mean": 0.3189488791148944,
        "r2_std": 0.15628914455682813
    },
    "XGBoost": {
        "rmse_mean": 3.516520944908001,
        "rmse_std": 0.2907559273317325,
        "mae_mean": 2.62268339976166,
        "mae_std": 0.24561023723365033,
        "r2_mean": 0.34392379931013234,
        "r2_std": 0.14990172351606693
    },
    "Ensemble": {
        "rmse_mean": 3.527338033713343,
        "rmse_std": 0.2979553218285271,
        "mae_mean": 2.625442936483409,
        "mae_std": 0.24857364267842968,
        "r2_mean": 0.3398327534069951,
        "r2_std": 0.15187333015393764
    }
}