{
    "TabNet": {
        "rmse_mean": 0.5671364975450801,
        "rmse_std": 0.42215675393492097,
        "mae_mean": 0.4038642555475235,
        "mae_std": 0.2342653064330304,
        "r2_mean": 0.9757282614707947,
        "r2_std": 0.043448282707273855
    },
    "XGBoost": {
        "rmse_mean": 0.1388107869000021,
        "rmse_std": 0.11942414784892862,
        "mae_mean": 0.018960153311491014,
        "mae_std": 0.002259138558600829,
        "r2_mean": 0.9983745038509368,
        "r2_std": 0.0025866190011496802
    },
    "Ensemble": {
        "rmse_mean": 0.30549142815462405,
        "rmse_std": 0.19051094831378554,
        "mae_mean": 0.19691864922642707,
        "mae_std": 0.11237951184199271,
        "r2_mean": 0.9937079727649689,
        "r2_std": 0.009866755924386983
    }
}