{
    "TabNet": {
        "rmse_mean": 4.550401795119959,
        "rmse_std": 0.7672682771888581,
        "mae_mean": 3.0784997453159266,
        "mae_std": 0.19408399682595082,
        "r2_mean": 0.008037865523240706,
        "r2_std": 0.2643432096319356
    },
    "XGBoost": {
        "rmse_mean": 4.049954945521686,
        "rmse_std": 0.2740288124761709,
        "mae_mean": 2.938662082405163,
        "mae_std": 0.15161213266656828,
        "r2_mean": 0.22159719620665422,
        "r2_std": 0.021768268154065885
    },
    "Ensemble": {
        "rmse_mean": 4.149909041760788,
        "rmse_std": 0.3818676884372536,
        "mae_mean": 2.9587305190368274,
        "mae_std": 0.15375067947906418,
        "r2_mean": 0.18257974672481295,
        "r2_std": 0.07787552744399862
    }
}