{
    "TabNet": {
        "rmse_mean": 6.9911042043454685,
        "rmse_std": 3.632783640252285,
        "mae_mean": 3.478604491060242,
        "mae_std": 0.6511201755273044,
        "r2_mean": -1.3406792790178497,
        "r2_std": 2.1681622674035395
    },
    "XGBoost": {
        "rmse_mean": 4.082364164389286,
        "rmse_std": 0.5584992798968592,
        "mae_mean": 3.028534572809363,
        "mae_std": 0.39847242199368815,
        "r2_mean": 0.34138083572457595,
        "r2_std": 0.03468832699657968
    },
    "Ensemble": {
        "rmse_mean": 5.055080693999172,
        "rmse_std": 1.3867305790363078,
        "mae_mean": 3.1844450537849,
        "mae_std": 0.4878693902732095,
        "r2_mean": -0.048265843130804766,
        "r2_std": 0.483814955217877
    }
}