{
    "TabNet": {
        "rmse_mean": 0.8009646289734877,
        "rmse_std": 0.37660557186522237,
        "mae_mean": 0.4390487961362771,
        "mae_std": 0.1814353627978419,
        "r2_mean": 0.9814616228206257,
        "r2_std": 0.015379602101689299
    },
    "XGBoost": {
        "rmse_mean": 0.1033053366195779,
        "rmse_std": 0.039490865407737386,
        "mae_mean": 0.03448739760968034,
        "mae_std": 0.0022390893367619648,
        "r2_mean": 0.9997121143535175,
        "r2_std": 0.00028834043572672797
    },
    "Ensemble": {
        "rmse_mean": 0.3917527342804787,
        "rmse_std": 0.178052921612425,
        "mae_mean": 0.21287873080102176,
        "mae_std": 0.08692485989089066,
        "r2_mean": 0.9956183997199952,
        "r2_std": 0.0035249873149317593
    }
}