rmse,mae,r2
3.6556754679725376,2.776606321334839,0.31079965829849243
3.6632243094449723,2.7945468425750732,0.3028024435043335
3.639957743388957,2.7726073265075684,0.35999971628189087
