{
  "summary": {
    "total_wards": 679,
    "analysis_months": 50,
    "total_actual_crimes": 147347,
    "avg_actual_crimes_per_ward_month": 4.34,
    "algorithm_type": "Enhanced Adaptive (Actual Crime Data)"
  },
  "allocation_performance": {
    "avg_officers_per_ward": 72.6,
    "allocation_range": "30.0 - 100.0",
    "allocation_correlation": 0.747,
    "resource_efficiency": 0.06,
    "high_risk_coverage": 0.09,
    "prevention_efficiency": 0.888,
    "enhanced_efficiency_score": 0.433
  },
  "adaptive_features": {
    "surge_capacity_used": "0.0% of periods",
    "total_surge_activations": 0,
    "allocation_flexibility_index": 2.44,
    "dynamic_risk_categories": 5
  },
  "risk_distribution": {
    "Medium-High": 32.1060382916053,
    "Medium-Low": 28.868924889543447,
    "Low": 17.929307805596466,
    "Critical": 10.62739322533137,
    "High": 10.468335787923417
  },
  "seasonal_analysis": {
    "actual": {
      "Autumn": 4.549,
      "Spring": 4.17,
      "Summer": 4.069,
      "Winter": 4.538
    },
    "allocated_officers": {
      "Autumn": 73.844,
      "Spring": 71.503,
      "Summer": 70.873,
      "Winter": 73.979
    },
    "adaptive_risk_score": {
      "Autumn": 0.386,
      "Spring": 0.301,
      "Summer": 0.293,
      "Winter": 0.377
    }
  },
  "top_crime_wards": {
    "E05013631": 631.0,
    "E05013808": 610.0,
    "E05013801": 588.0,
    "E05013716": 567.0,
    "E05011113": 557.0,
    "E05013503": 512.0,
    "E05013596": 503.0,
    "E05013630": 479.0,
    "E05013643": 463.0,
    "E05013793": 456.0
  }
}