{
  "best_rmse": 3.6645718954483173,
  "best_params": {
    "n_d": 59,
    "n_steps": 4,
    "gamma": 1.740420267704855,
    "lr": 0.004570492204642769,
    "weight_decay": 0.0002045817227341873,
    "batch_size": 256
  }
}