model,rmse,mae,r2,underpred_pct,bias_pct
TabNet,2.5890380158357327,1.8745522499084473,0.37377285957336426,49.37849779086893,-3.6462151587309255
XGBoost,2.5681453949301103,1.8686373233795166,0.3838388919830322,41.23122238586156,-0.5159215156996488
Ensemble,2.565193396649374,1.905647255143962,0.3852546026686575,38.49484536082474,3.5452157452026936
