model,rmse,mae,r2,underpred_pct,bias_pct
TabNet,3.345820846312623,2.507944345474243,0.4872477054595947,46.15022091310751,-0.39398837821697574
XGBoost,3.366522703460507,2.4776864051818848,0.4808828830718994,50.25036818851252,-6.133362977509643
Ensemble,3.353453060715167,2.4969701766967773,0.48490577936172485,46.759941089837994,-1.4400004105610098
