metric,value
Total_Predictions,33950.0
Mean_Actual,4.340117820324006
Mean_Predicted,4.5185441970825195
RMSE,2.462777459790146
MAE,1.8638789773039213
R²,0.38909953388745466
Underprediction_Rate_%,40.379970544919
Mean_Abs_Error,1.8638789773039213
Median_Abs_Error,1.5120272636413574
Very_Small_Errors_%,35.67893961708395
Small_Errors_%,26.459499263622977
Medium_Errors_%,32.9661266568483
Large_Errors_%,4.824742268041237
Very_Large_Errors_%,0.07069219440353461
