{
  "tabnet": {
    "rmse": 0.29150797012026725,
    "mae": 0.18611545860767365,
    "r2": 0.9957219362258911
  },
  "xgboost": {
    "rmse": 0.35392958288349297,
    "mae": 0.19400030374526978,
    "r2": 0.9936936497688293
  },
  "ensemble": {
    "rmse": 0.2376879356324113,
    "mae": 0.13727149367332458,
    "r2": 0.9971557855606079
  },
  "ensemble_weight_tabnet": 0.61
}