{
  "tabnet": {
    "rmse": 0.8082221831429593,
    "mae": 0.4881548285484314,
    "r2": 0.967114269733429
  },
  "xgboost": {
    "rmse": 0.4202722728722684,
    "mae": 0.27214598655700684,
    "r2": 0.9911078214645386
  },
  "ensemble": {
    "rmse": 0.39853571634923923,
    "mae": 0.25300222635269165,
    "r2": 0.992003858089447
  },
  "ensemble_weight_tabnet": 0.16
}