{
  "tabnet": {
    "rmse": 0.5815990302467394,
    "mae": 0.3635871708393097,
    "r2": 0.9829708337783813
  },
  "xgboost": {
    "rmse": 0.4202722728722684,
    "mae": 0.27214598655700684,
    "r2": 0.9911078214645386
  },
  "ensemble": {
    "rmse": 0.34709091511780465,
    "mae": 0.22649428248405457,
    "r2": 0.9939349889755249
  },
  "ensemble_weight_tabnet": 0.34
}