{
  "n_estimators": 445,
  "max_depth": 3,
  "lr": 0.0025022556378116205,
  "subsample": 0.6775608499225179,
  "colsample_bytree": 0.7976648482259154,
  "gamma": 1.2133881680708503,
  "reg_alpha": 3.778818698911419e-08,
  "reg_lambda": 2.242833533173022e-07
}