{
  "tabnet": {
    "rmse": 0.8669854005950566,
    "mae": 0.7894470691680908,
    "r2": 0.9621584415435791
  },
  "xgboost": {
    "rmse": 0.331419504629896,
    "mae": 0.19286145269870758,
    "r2": 0.9944702982902527
  },
  "ensemble": {
    "rmse": 0.3119082570356825,
    "mae": 0.19595785439014435,
    "r2": 0.9951022267341614
  },
  "ensemble_weight_tabnet": 0.12
}