{
  "n_estimators": 175,
  "max_depth": 4,
  "lr": 0.004457612205376595,
  "subsample": 0.8657892914777461,
  "colsample_bytree": 0.9569201610332841,
  "gamma": 4.076596070127463,
  "reg_alpha": 0.0007509972286198585,
  "reg_lambda": 4.6559775150149274e-05
}