{
  "tabnet": {
    "rmse": 0.5868675480086113,
    "mae": 0.33442696928977966,
    "r2": 0.9826609492301941
  },
  "xgboost": {
    "rmse": 0.3746104402497135,
    "mae": 0.23016013205051422,
    "r2": 0.9929351210594177
  },
  "ensemble": {
    "rmse": 0.3209415167730817,
    "mae": 0.20224528014659882,
    "r2": 0.994814395904541
  },
  "ensemble_weight_tabnet": 0.28
}