{
  "rmse": 60.72679115565469,
  "mae": 20.61897087097168,
  "r2": 0.8598522543907166
}