{
  "best_rmse": 23.246909320467392,
  "best_params": {
    "n_d": 54,
    "n_steps": 7,
    "gamma": 2.31817314594076,
    "lr": 0.005555066911244734,
    "weight_decay": 2.29343905652452e-05,
    "batch_size": 256
  },
  "best_mae": 17.155858675638836,
  "best_r2": 0.9028677344322205
}