{
  "n_estimators": 499,
  "max_depth": 4,
  "lr": 0.001804293755391203,
  "subsample": 0.8109670082894318,
  "colsample_bytree": 0.998114287068829,
  "gamma": 0.9098597387113142,
  "reg_alpha": 1.4826073692608166e-06,
  "reg_lambda": 2.8112115684739847e-07
}