{
  "tabnet": {
    "rmse": 0.47619059387415613,
    "mae": 0.3572932183742523,
    "r2": 0.9885841608047485
  },
  "xgboost": {
    "rmse": 0.3206793150153713,
    "mae": 0.18677866458892822,
    "r2": 0.9948228597640991
  },
  "ensemble": {
    "rmse": 0.2677770418220865,
    "mae": 0.17136450111865997,
    "r2": 0.9963901042938232
  },
  "ensemble_weight_tabnet": 0.31
}